{"cameraMode":{"drawMode":0,"name":"Shaded","section":"Shading Mode"},"sceneLighting":true,"audioPlay":false,"sceneViewState":{"m_AlwaysRefresh":false,"showFog":true,"showSkybox":true,"showFlares":true,"showImageEffects":true,"showParticleSystems":true,"showVisualEffectGraphs":true,"m_FxEnabled":true},"in2DMode":false,"pivot":{"x":-0.9485946893692017,"y":-0.6013603210449219,"z":12.73277473449707},"rotation":{"x":-0.16899175941944123,"y":-0.008278007619082928,"z":0.0014325925149023533,"w":-0.9855963587760925},"size":15.815481185913086,"orthographic":false}